"Action","Akcja"
"accepted","uwzględniona"
"accepted and compensated","uwzględniona i zapłacona"
"Allowed file extensions for protocols and complaints, separated by commas, e.g. pdf, jpg, png.","Dozwolone rozszerzenia plików protokołów i reklamacji, rozdzielone przecinkami, np. pdf, jpg, png."
"An error occurred: %s","Wystąpił błąd: %s"
"appeal","odwołanie"
"Client shipment number","Numer LP klienta"
"Comment","Komentarz"
"Complaint","Reklamacja"
"Complaint create date","Data zgłoszenia"
"Complaint details","Protokół"
"Complaint elements list","Lista reklamacji"
"Complaint handling period in days since shipment (default 30).","Termin obsługi reklamacji w dniach od wysyłki (domyślnie 30)."
"Complaint module parameters","Parametry modułu reklamacji"
"Complaint number","Nr reklamacji"
"Complaint Number","Nr reklamacji"
"Complaint status","Status reklamacji"
"Complaint Status","Status reklamacji"
"Complaints","Reklamacje"
"Complaints Module Configuration","Konfiguracja modułu reklamacji"
"Courier","Kurier"
"Create complaint","Utwórz reklamację"
"Damage report","Protokół szkody"
"Deadline","Termin"
"Delay period (days)","Termin reklamacji (dni)"
"Delete","Usuń"
"Edit","Edytuj"
"Edit complaint order item %s","Edycja reklamacji pozycji zamówienia %s"
"Export to file","Eksport do pliku"
"File not found.","Nie znaleziono pliku."
"File types","Typy plików"
"Has item returned?","Uszkodzony wrócił?"
"ID","ID"
"Increment ID","Nr zamówienia"
"loss","strata"
"M1","M1"
"Make sure that data encoding in the file is saved in one of supported encodings (UTF-8 or ANSI).","Upewnij się, że plik jest zapisany w jednym z obsługiwanych kodowań (UTF-8 lub ANSI)."
"no","nie"
"No items found.","Brak pozycji."
"Number","Nr LP"
"Order number:","Nr zamówienia:"
"ordered for collection","zamówiony po odbiór"
"prepared","przygotowana"
"Product Name","Nazwa produktu"
"Purchase Cost","Koszt zakupu"
"Qty Ordered","Zamówiona ilość"
"Record deleted successfully.","Rekord został usunięty."
"Record is missing.","Brak rekordu."
"Record saved successfully.","Rekord został zapisany."
"registered","wprowadzona"
"reported","zgłoszona"
"Return amount","Kwota zwrotu"
"Return date","Data zwrotu"
"Save and continue","Zapisz i kontynuuj"
"sell with discount","sprzedaż z rabatem"
"Sell with rabat","Sprzedaż z rabatem (%)"
"Shipment date","Data wysyłki"
"Shipment Date","Data wysyłki"
"SKU","SKU"
"This item not exist","Ta pozycja nie istnieje"
"waiting for protocol","czekamy na protokół"
"will not return","nie wróci"
"yes","tak"
